{
  "id": "/subscriptions/7c741099-329e-466a-92b1-c22c0207b147/resourceGroups/Hackathon_CekFakta/providers/Microsoft.Resources/deployments/cekfaktatextai",
  "name": "cekfaktatextai",
  "type": "Microsoft.Resources/deployments",
  "properties": {
    "templateHash": "6953231298526721673",
    "parameters": {
      "name": {
        "type": "String",
        "value": "cekfaktatextai"
      },
      "location": {
        "type": "String",
        "value": "southeastasia"
      },
      "properties": {
        "type": "Object",
        "value": {
          "enableStreamingIngest": false,
          "enablePurge": false,
          "enableDoubleEncryption": false,
          "enableDiskEncryption": false,
          "trustedExternalTenants": [],
          "enableAutoStop": true,
          "optimizedAutoscale": {
            "version": 1,
            "isEnabled": true,
            "minimum": 2,
            "maximum": 3
          }
        }
      },
      "tags": {
        "type": "Object",
        "value": {}
      },
      "sku": {
        "type": "Object",
        "value": {
          "capacity": 2,
          "name": "Standard_E2ads_v5",
          "tier": "Standard"
        }
      },
      "zones": {
        "type": "Array",
        "value": [
          "1",
          "2",
          "3"
        ]
      }
    },
    "mode": "Incremental",
    "debugSetting": {
      "detailLevel": "None"
    },
    "provisioningState": "Running",
    "timestamp": "2025-06-03T07:58:58.4703861Z",
    "duration": "PT4M0.9911501S",
    "correlationId": "5f7a1af0-87a4-49fd-a2f2-1d6862aeaf86",
    "providers": [
      {
        "namespace": "Microsoft.Kusto",
        "resourceTypes": [
          {
            "resourceType": "Clusters",
            "locations": [
              "southeastasia"
            ]
          }
        ]
      }
    ],
    "dependencies": [],
    "validationLevel": "Template"
  },
  "tags": {
    "primaryResourceId": "/subscriptions/7c741099-329e-466a-92b1-c22c0207b147/resourcegroups/Hackathon_CekFakta/providers/Microsoft.Kusto/Clusters/cekfaktatextai",
    "marketplaceItemId": "Microsoft.AzureKusto"
  }
}