[
  {
    "id": "/subscriptions/7c741099-329e-466a-92b1-c22c0207b147/resourceGroups/Hackathon_CekFakta/providers/Microsoft.Resources/deployments/cekfaktatextai/operations/517DE9108B24DD1D",
    "operationId": "517DE9108B24DD1D",
    "properties": {
      "provisioningOperation": "Create",
      "provisioningState": "Running",
      "timestamp": "2025-06-03T07:58:58.8237228Z",
      "duration": "PT4M0.7280122S",
      "trackingId": "c5a87db8-f570-463a-86b1-24b8b109ea20",
      "statusCode": "Created",
      "targetResource": {
        "id": "/subscriptions/7c741099-329e-466a-92b1-c22c0207b147/resourceGroups/Hackathon_CekFakta/providers/Microsoft.Kusto/Clusters/cekfaktatextai",
        "resourceType": "Microsoft.Kusto/Clusters",
        "resourceName": "cekfaktatextai"
      }
    }
  }
]